1	Politicians that decide the plans from state to state
2	Enron press releases
3	Whats the difference between us states role in Erons  business model
4	Geroge WBush Enron
5	Exeter bodies related to Erons buisness 
6	Recruitment process for Eron
7	legal team at Enron  
8	enron public perceptions
9	energy price cap origins
10	what legal action was taken against Enron and why
11	Enron scandal where are they now
12	How did the energy market come about and how does it work
13	Enron conference appearances
14	Enron flights and airlines
15	Bill Lockyer scandal personal life
16	Enron planning
17	How reliable is the energy in the US and who is responsible for maintaining the energy grid
18	Enron contacts
19	What is the cost of natural gas now and why did the prices increase
20	Enron privacy confidentiality staff rules
21	Electric industry restructuring conference report
22	California energy grid operator
23	Energy auctions price cap
24	Enron bolivia media coverage
25	Enron article discussions list
26	How was information like news cycles and events summarised distilled and distributed 
27	Enron meeting minutes
28	Enron investments
29	Enron in Sacramento
30	Enron procurement
31	Mathematics conferences Who are Enron
32	How do Enron transfer messages
33	Interstate gas  who is the regulator
34	Enron analysts details and history
35	What is Enrons relationship with the state of California how does it operate in the state and what are its assets there
36	What is Kenneth Lays role in Enron how did he inherit the role and are there any investigations into him
37	Mellisa keans relationships with Enron members and what she done for a living
38	What role does Vincent Kaminski play at Enron and what was his research on What are all the presentations and talks he have as part of his job description at Enron
39	What was Jeff Skillings role and what did it consist of Why did he resign and what factors played a role in him choosing to leave Enron only after 6 months
40	What was Joanna Vidal job and what role did she play What types of events did she organise for Enron and its subjects
41	What US senator and state did Enron target
42	Investor owned utilities public opinion not Enron 
43	Brussels energy industry events enron
44	how was Paris affected by Enron
45	How does energy work in Amsterdam enron
46	Enron London offices 
47	What universities does enron work with and what do they do publishings
48	Who did enron send receive letters and why 
49	what type of taxes did enron pay
50	Associated press enron 
51	US State Energy Policies
52	Enron media statements
53	Enron laws
54	George W Bush Enron links benefit
55	Connections with Enron
56	How does the hiring process work at Enron
57	Enron legal issues
58	Public opinion energy companies Enron
59	Energy price caps rules public opinion 
60	Enron legal history
61	enron scandals and take overs
62	How was the energy market of California named
63	enron confrences 
64	flights booking enron employees method of booking destinations airlines employee status
65	Bill lockyer scandal interests
66	How does Enron organise meetings within their company 
67	How functional is the energy system in United States
68	Enron network companies
69	natural gas explained enron
70	Enron confidential information policies
71	What institutions and organisations were involved and papers presented in the electric industry restructuring conference 
72	More information about ensuring reliability of Californian energy grid 
73	How high prices in energy auctions are limited and who capped the prices and how they did it 
74	Enron Bolivia
75	What articles are being discussed at Enron and what is the source
76	News cycle information summary
77	Who attending the meetings what were they about 
78	What areas did Enron invest in and how was this done Were they successful 
79	Enron activities and senate
80	Which department specifically handled sourcing Enrons of materials and how does it compare to other comapnies
81	Who spoke at the financial conference and where did they take place
82	Enron transfer of information process
83	Which body is involved in deciding conditions for companies involved in interstate gas transfers
84	What professions are there at Enron and how is the recruitment process 
85	Enron california gov reports
86	Kenneth Lay investigation wiki scandal
87	Mellisa Ken Enron history and relationships where is she from 
88	What was Vincent kaminski researching at enron
89	Jeff Skilling role and resignation 
90	Enron events Joanna Vidal and work 
91	which US states were affected by the Enron
92	what are IOUs and how does the public feel about them
93	Brussels energy market
94	Enron Paris and significance of international energy industry in Paris Paris energy companies
95	what is the influence of Enron on Amsterdam and how do people in Amsterdam view the energy crisis
96	Where in London was the Enron office located what are the laws of the area
97	What are the papers published by Enron and through which universities
98	subject senders and recipients of enron letters
99	what were Enrons business tax rates as an energy supplier
100	Relationship between the associated press and Enron
101	Different energy laws in the US
102	How is Enron presented in the media
103	Enron legal obligations US states 
104	How George W Bush and Enrons connection lead to success
105	Enron partnerships links stakeholders
106	and what are the requirements
107	Whats the story of the Enron court cases and what was involved
108	articles on Enron and peoples opinion on the energy industry
109	Energy price caps and rules
110	Were there any court cases against Enron and why
111	I would like to know what the scandals were and how sensitively it was handled
112	Californian energy market
113	Enron conference subjects
114	Which flights for enron employees on which airlines
115	Details of the Bill Lockyer scandal and its affect on him
116	Enron strategic planning and objectives
117	USA energy grid reliability
118	How does Enron work with the companies contacts and utilise them
119	natural gas average costs
120	Was are the trading securities use within enron
121	groups involved electric industry restructuring conference
122	Which companies manage the Californian power grid
123	how does bid mitigation work
124	Enrons business and investment in Bolivia
125	Enron articles and its authors
126	fully detailed summary of the information of the event and how was it distilled and distributed
127	Are there any transcripts or guest lists of the Enron meetings
128	What are the financial and earnings report of Enron during the years of the scandal
129	What has Enron provided to the city of Sacramento and what personal relationships did Enron have with those in power
130	show me enron documents regarding sourcings and procurement Were enron effective in what they set out to do
131	What does Enron do at the financial mathematics conferences Where did the most recent one happen and who were the speakers at it 
132	Confidential information Enron methods and 3rd parties 
133	Which Enron company decided the interstate transfer of gas 
134	What types of analysts were at Enron  how did these analysts join the company
135	How did Enron flourish under Californias trade laws 
136	How did Kenneth Lay get his position at Enron could the allegations against him be true 
137	What was the relationship between Mellisa Kean and any members of Enron staff  What she did for a living and where did this take place
138	Vincent kaminski Enron 
139	What was Jeff skillings role in Enron and why did he resign
140	What events did Joanna Vidal organise for Enron
141	Senators linked to enron
142	Types of investor owned utilities and similar ones
143	Enron Brussels events
144	History of Enrons activities in Paris
145	Enron Amsterdam activity local
146	Officers held by Enron in London and its influence to European operations 
147	Enrons influence in universities and its collaborated publications 
148	who did Enron send letters to and what about
149	History breakdown of Enrons tax activities 
150	Enron press articles company 